Index1,Organization Id1,Name1,Height1,DateOfBirth1
1,FAB0d41d5b5d22c,Ferrell LLC,15.15481349,01-01-2022
2,6A7EdDEA9FaDC52,Mckinney,15.15481349,02-01-2022
3,0bFED1ADAE4bcC1,Hester Ltd,15.15481349,03-01-2022
4,2bFC1Be8a4ce42f,Holder-Sellers,15.15481349,04-01-2022
5,9eE8A6a4Eb96C24,Mayer Group,15.15481349,05-01-2022
6,cC757116fe1C085,Henry-Thompson,15.15481349,06-01-2022
7,219233e8aFF1BC3,Hansen-Everett,15.15481349,07-01-2022
8,ccc93DCF81a31CD,Mcintosh-Mora,15.15481349,08-01-2022
9,0B4F93aA06ED03e,Carr Inc,15.15481349,09-01-2022
10,738b5aDe6B1C6A5,Gaines Inc,15.15481349,10-01-2022
11,AE61b8Ffebbc476,Kidd Group,15.15481349,11-01-2022
12,eb3B7D06cCdD609,Crane-Clarke,15.15481349,12-01-2022
13,8D0c29189C9798B,Keller,15.15481349,13-01-2022
14,D2c91cc03CA394c,Glover-Pope,15.15481349,14-01-2022
15,C8AC1eaf9C036F4,Pacheco-Spears,15.15481349,15-01-2022
16,b5D10A14f7a8AfE,Hodge-Ayers,15.15481349,16-01-2022
17,68139b5C4De03B4,Bowers,15.15481349,17-01-2022
18,5c2EffEfdba2BdF,Mckenzie-Melton,15.15481349,18-01-2022
19,ba179F19F7925f5,Branch-Mann,15.15481349,19-01-2022
20,c1Ce9B350BAc66b,Weiss and Sons,15.15481349,20-01-2022
21,8de40AC4e6EaCa4,Velez,15.15481349,21-01-2022
22,Aad86a4F0385F2d,Harrell LLC,15.15481349,22-01-2022
23,22aC3FFd64fD703,Eaton,15.15481349,23-01-2022
24,5Ec4C272bCf085c,Robbins-Cummings,15.15481349,24-01-2022
25,5fDBeA8BB91a000,Jenkins Inc,15.15481349,25-01-2022
26,dFfD6a6F9AC2d9C,Greene,15.15481349,26-01-2022
27,4B217cC5a0674C5,Dickson,15.15481349,27-01-2022
28,88b1f1cDcf59a37,Prince-Tom,15.15481349,28-01-2022
29,f9F7bBCAEeC360F,Ayala LLC,15.15481349,29-01-2022
30,7Cb3AeFcE4Ba31e,Rivas Group,15.15481349,30-01-2022
31,ccBcC32adcbc530,Sloan,15.15481349,31-01-2022
32,f5afd686b3d05F5,Durham,15.15481349,01-02-2022
33,38C6cfC5074Fa5e,Fritz-Franklin,15.15481349,02-02-2022
34,5Cd7efccCcba38f,Burch-Ewing,15.15481349,03-02-2022
35,9E6Acb51e3F9d6F,Glass,15.15481349,04-02-2022
36,4D4d7E18321eaeC,Pineda-Cox,15.15481349,05-02-2022
37,485f5d06B938F2b,Baker,15.15481349,06-02-2022
38,19E3a5Bf6dBDc4F,Cuevas-Moss,15.15481349,07-02-2022
39,6883A965c7b68F7,Hahn PLC,15.15481349,08-02-2022
40,AC5B7AA74Aa4A2E,Valentine,15.15481349,09-02-2022
41,decab0D5027CA6a,Arroyo Inc,15.15481349,10-02-2022
42,dF084FbBb613eea,Walls LLC,15.15481349,11-02-2022
43,A2D89Ab9bCcAd4e,Mitchell,15.15481349,12-02-2022
44,77aDc905434a49f,Prince PLC,15.15481349,13-02-2022
45,235fdEFE2cfDa5F,Brock-Blackwell,15.15481349,14-02-2022
46,1eD64cFe986BBbE,Walton-Barnett,15.15481349,15-02-2022
47,CbBbFcdd0eaE2cF,Bartlett-Arroyo,15.15481349,16-02-2022
48,49aECbDaE6aBD53,Wallace,15.15481349,17-02-2022
49,7b3fe6e7E72bFa4,Berg-Sparks,15.15481349,18-02-2022
50,c6DedA82A8aef7E,Gonzales Ltd,15.15481349,19-02-2022
51,7D9FBF85cdC3871,Lawson and Sons,15.15481349,20-02-2022
52,7dd18Fb7cB07b65,Mcguire,15.15481349,21-02-2022
53,EF5B55FadccB8Fe,Charles-Phillips,15.15481349,22-02-2022
54,f8D4B99e11fAF5D,Odom Ltd,15.15481349,23-02-2022
55,e24D21BFd3bF1E5,Richard PLC,15.15481349,24-02-2022
56,B9BdfEB6D3Ca44E,Sampson Ltd,15.15481349,25-02-2022
57,2a74D6f3D3B268e,Cherry,15.15481349,26-02-2022
58,Bf3F3f62c8aBC33,Cherry PLC,15.15481349,27-02-2022
59,aeBe26B80a7a23c,Melton-Nichols,15.15481349,28-02-2022
60,aAeb29ad43886C6,Potter-Walsh,15.15481349,01-03-2022
61,bD1bc6bB6d1FeD3,Freeman-Chen,15.15481349,02-03-2022
62,EB9f456e8b7022a,Soto Group,15.15481349,03-03-2022
63,Dfef38C51D8DAe3,Poole,15.15481349,04-03-2022
64,055ffEfB2Dd95B0,Riley Ltd,15.15481349,05-03-2022
65,cBfe4dbAE1699da,Erickson,15.15481349,06-03-2022
66,fdFbecbadcdCdf1,Wilkinson,15.15481349,07-03-2022
67,5DCb8A5a5ca03c0,Floyd Ltd,15.15481349,08-03-2022
68,ce57DCbcFD6d618,Newman-Galloway,15.15481349,09-03-2022
69,5aaD187dc929371,Frazier-Butler,15.15481349,10-03-2022
70,902D7Ac8b6d476b,Newton Inc,15.15481349,11-03-2022
71,32BB9Ff4d939788,Duffy-Levy,15.15481349,12-03-2022
72,adcB0afbE58bAe3,Wagner LLC,15.15481349,13-03-2022
73,dfcA1c84AdB61Ac,Mccall-Holmes,15.15481349,14-03-2022
74,208044AC2fe52F3,Massey LLC,15.15481349,15-03-2022
75,f3C365f0c1A0623,Hicks LLC,15.15481349,16-03-2022
76,ec5Bdd3CBAfaB93,Cole,15.15481349,17-03-2022
77,DDB19Be7eeB56B4,Cummings-Rojas,15.15481349,18-03-2022
78,dd6CA3d0bc3cAfc,Beasley,15.15481349,19-03-2022
79,A0B9d56e61070e3,Beasley,15.15481349,20-03-2022
80,cBa7EFe5D05Adaf,Crawford-Rivera,15.15481349,21-03-2022
81,Ea3f6D52Ec73563,Montes-Hensley,15.15481349,22-03-2022
82,bC0CEd48A8000E0,Velazquez-Odom,15.15481349,23-03-2022
83,c89b9b59BC4baa1,Eaton-Morales,15.15481349,24-03-2022
84,FEC51bce8421a7b,Roberson,15.15481349,25-03-2022
85,e0E8e27eAc9CAd5,George,15.15481349,26-03-2022
86,B97a6CF9bf5983C,Davila Inc,15.15481349,27-03-2022
87,a0a6f9b3DbcBEb5,Mays-Preston,15.15481349,28-03-2022
88,8cC1bDa330a5871,Pineda-Morton,15.15481349,29-03-2022
89,ED889CB2FE9cbd3,Huang and Sons,15.15481349,30-03-2022
90,F4Dc1417BC6cb8f,Gilbert-Simon,15.15481349,31-03-2022
91,7ABc3c7ecA03B34,Sampson-Griffith,15.15481349,01-04-2022
92,4e0719FBE38e0aB,Miles-Dominguez,15.15481349,02-04-2022
93,dEbDAAeDfaed00A,Rowe and Sons,15.15481349,03-04-2022
94,61BDeCfeFD0cEF5,Valenzuela,15.15481349,04-04-2022
95,4e91eD25f486110,Best,15.15481349,05-04-2022
96,0a0bfFbBbB8eC7c,Holmes Group,15.15481349,06-04-2022
97,BA6Cd9Dae2Efd62,Good Ltd,15.15481349,07-04-2022
98,E7df80C60Abd7f9,Clements-Espinoza,15.15481349,08-04-2022
99,AFc285dbE2fEd24,Mendez Inc,15.15481349,09-04-2022
100,e9eB5A60Cef8354,Shani-Kaiser,15.15481349,10-04-2022
